{
  "minecraft:recipes/misc/charcoal": {
    "criteria": {
      "has_log": "2024-06-10 23:29:49 +0000"
    },
    "done": true
  },
  "minecraft:recipes/building_blocks/oak_planks": {
    "criteria": {
      "has_logs": "2024-06-10 23:29:49 +0000"
    },
    "done": true
  },
  "minecraft:recipes/building_blocks/oak_wood": {
    "criteria": {
      "has_log": "2024-06-10 23:29:49 +0000"
    },
    "done": true
  },
  "minecraft:adventure/adventuring_time": {
    "criteria": {
      "minecraft:swamp": "2024-06-10 23:29:45 +0000",
      "minecraft:plains": "2024-06-10 23:29:38 +0000"
    },
    "done": false
  },
  "DataVersion": 3120
}